"player_id","player_name","birth_country"
8484153,"Leo Carlsson","SWE"
8482118,"Sam Colangelo","USA"
8483445,"Cutter Gauthier","SWE"
8480870,"Bo Groulx","FRA"
8477527,"Ross Johnston","CAN"
8479368,"Max Jones","USA"
8473986,"Alex Killorn","CAN"
8481517,"Brett Leason","CAN"
8480806,"Isac Lundestrom","SWE"
8476934,"Brock McGinn","CAN"
8482745,"Mason McTavish","CHE"
8483570,"Ben Meyers","USA"
8475164,"Jakob Silfverberg","SWE"
8476458,"Ryan Strome","CAN"
8478873,"Troy Terry","USA"
8478366,"Frank Vatrano","USA"
8481533,"Trevor Zegras","USA"
8475760,"Nick Bjugstad","USA"
8476329,"Travis Boyd","USA"
8479619,"Michael Carcone","CAN"
8483431,"Logan Cooley","USA"
8478474,"Lawson Crouse","CAN"
8480849,"Barrett Hayton","CAN"
8479343,"Clayton Keller","USA"
8477021,"Alex Kerfoot","CAN"
8483483,"Julian Lutz","DEU"
8481711,"Matias Maccelli","FIN"
8480855,"Jack McBain","CAN"
8477070,"Liam O'Brien","CAN"
8477951,"Nick Schmaltz","USA"
8483652,"Joey Abate","USA"
8481556,"John Beecher","USA"
8480003,"Jesper Boqvist","SWE"
8479638,"Justin Brazeau","CAN"
8477887,"Patrick Brown","USA"
8475745,"Charlie Coyle","USA"
8478498,"Jake DeBrusk","CAN"
8479365,"Trent Frederic","USA"
8479987,"Morgan Geekie","CAN"
8478046,"Danton Heinen","CAN"
8482479,"Trevor Kuntar","USA"
8480880,"Jakub Lauko","CZE"
8473419,"Brad Marchand","CAN"
8474034,"Pat Maroon","USA"
8483397,"Marc McLaughlin","USA"
8477126,"Jayson Megna","USA"
8483567,"Georgii Merkulov","RUS"
8477956,"David Pastrnak","CZE"
8483505,"Matthew Poitras","CAN"
8479546,"Oskar Steen","SWE"
8474037,"James van Riemsdyk","USA"
8478401,"Pavel Zacha","CZE"
8484145,"Zach Benson","CAN"
8481528,"Dylan Cozens","CAN"
8476878,"Zemgus Girgensons","LVA"
8478413,"Jordan Greenway","USA"
8479370,"Tyson Jost","CAN"
8481522,"Peyton Krebs","CAN"
8478109,"Victor Olofsson","SWE"
8482175,"JJ Peterka","DEU"
8482097,"Jack Quinn","CAN"
8480762,"Eric Robinson","USA"
8475784,"Jeff Skinner","CAN"
8479420,"Tage Thompson","USA"
8477949,"Alex Tuch","USA"
8478427,"Sebastian Aho","FIN"
8482809,"Jackson Blake","USA"
8480031,"Maxime Comtois","CAN"
8480835,"Jack Drury","USA"
8475855,"Jesper Fast","SWE"
8477404,"Jake Guentzel","USA"
8482093,"Seth Jarvis","CAN"
8480829,"Jesperi Kotkaniemi","FIN"
8475744,"Evgeny Kuznetsov","RUS"
8477962,"Brendan Lemieux","USA"
8476921,"Jordan Martinook","CAN"
8484203,"Bradly Nadeau","CAN"
8480039,"Martin Necas","CZE"
8476474,"Stefan Noesen","USA"
8473533,"Jordan Staal","CAN"
8481576,"Ryan Suzuki","CAN"
8480830,"Andrei Svechnikov","RUS"
8476882,"Teuvo Teravainen","FIN"
8484149,"Gavin Brindley","USA"
8482475,"Yegor Chinakhov","RUS"
8479941,"Justin Danforth","CAN"
8484166,"Adam Fantilli","CAN"
8476346,"Johnny Gaudreau","USA"
8476432,"Boone Jenner","CAN"
8482660,"Kent Johnson","CAN"
8476374,"Sean Kuraly","USA"
8480893,"Kirill Marchenko","RUS"
8480292,"Carson Meyer","USA"
8479423,"Alex Nylander","CAN"
8479671,"Mathieu Olivier","USA"
8482705,"Cole Sillinger","USA"
8480074,"Alexandre Texier","FRA"
8481716,"Dmitri Voronkov","RUS"
8474150,"Mikael Backlund","SWE"
8476399,"Blake Coleman","USA"
8482652,"Walker Duehr","USA"
8478421,"A.J. Greer","CAN"
8476456,"Jonathan Huberdeau","CAN"
8478211,"Dryden Hunt","CAN"
8475172,"Nazem Kadri","CAN"
8483808,"Andrei Kuzmenko","RUS"
8478233,"Andrew Mangiapane","CAN"
8481028,"Martin Pospisil","SVK"
8479291,"Kevin Rooney","USA"
8481068,"Yegor Sharangovich","BLR"
8482074,"Connor Zary","CAN"
8479315,"Joey Anderson","USA"
8476960,"Andreas Athanasiou","CAN"
8484144,"Connor Bedard","CAN"
8476278,"Colin Blackwell","USA"
8477450,"Jason Dickinson","CAN"
8477987,"Ryan Donato","USA"
8480025,"MacKenzie Entwistle","CAN"
8473422,"Nick Foligno","USA"
8475791,"Taylor Hall","CAN"
8481147,"Reese Johnson","CAN"
8474870,"Tyler Johnson","USA"
8480798,"Philipp Kurashev","CHE"
8483493,"Frank Nazar","USA"
8479390,"Taylor Raddysh","CAN"
8482172,"Landon Slaggert","USA"
8471699,"Andrew Cogliano","CAN"
8479525,"Ross Colton","USA"
8477494,"Jonathan Drouin","CAN"
8479520,"Brandon Duhaime","USA"
8482147,"Jean-Luc Foudy","CAN"
8481641,"Joel Kiviranta","FIN"
8481042,"Nikolai Kovalenko","USA"
8477476,"Artturi Lehkonen","FIN"
8477492,"Nathan MacKinnon","CAN"
8479999,"Casey Mittelstadt","USA"
8481186,"Logan O'Connor","USA"
8478028,"Fredrik Olofsson","SWE"
8470610,"Zach Parise","USA"
8478420,"Mikko Rantanen","FIN"
8478508,"Yakov Trenin","RUS"
8479362,"Riley Tufte","USA"
8475780,"Chris Wagner","USA"
8477425,"Miles Wood","USA"
8480840,"Oskar Back","SWE"
8473994,"Jamie Benn","CAN"
8481712,"Matej Blumel","CZE"
8482145,"Mavrik Bourque","CAN"
8474149,"Evgenii Dadonov","RUS"
8480848,"Ty Dellandrea","CAN"
8475168,"Matt Duchene","CAN"
8476889,"Radek Faksa","CZE"
8478449,"Roope Hintz","FIN"
8482740,"Wyatt Johnston","CAN"
8479518,"Fredrik Karlström","SWE"
8478975,"Mason Marchment","CAN"
8470794,"Joe Pavelski","USA"
8480027,"Jason Robertson","USA"
8475794,"Tyler Seguin","CAN"
8475225,"Craig Smith","USA"
8482702,"Logan Stankoven","CAN"
8479351,"Sam Steel","CAN"
8477456,"J.T. Compher","USA"
8477429,"Andrew Copp","USA"
8479337,"Alex DeBrincat","USA"
8477952,"Robby Fabbri","CAN"
8478432,"Christian Fischer","USA"
8474141,"Patrick Kane","USA"
8477946,"Dylan Larkin","USA"
8474102,"David Perron","CAN"
8479992,"Michael Rasmussen","CAN"
8482078,"Lucas Raymond","SWE"
8478466,"Daniel Sprong","NLD"
8480813,"Joe Veleno","CAN"
8482673,"Xavier Bourgault","CAN"
8477015,"Connor Brown","CAN"
8475842,"Sam Carrick","CAN"
8477934,"Leon Draisaitl","DEU"
8477454,"Adam Erne","USA"
8477998,"Warren Foegele","CAN"
8474040,"Sam Gagner","CAN"
8474641,"Adam Henrique","CAN"
8482077,"Dylan Holloway","CAN"
8475786,"Zach Hyman","CAN"
8477406,"Mattias Janmark","SWE"
8475169,"Evander Kane","CAN"
8481534,"Raphael Lavoie","CAN"
8478402,"Connor McDavid","CAN"
8480802,"Ryan McLeod","CAN"
8476454,"Ryan Nugent-Hopkins","CAN"
8478967,"Lane Pederson","CAN"
8470621,"Corey Perry","CAN"
8478585,"Derek Ryan","USA"
8479335,"Rasmus Asplund","SWE"
8477493,"Aleksander Barkov","FIN"
8477935,"Sam Bennett","CAN"
8476393,"Nick Cousins","CAN"
8479981,"Jonah Gadjovich","CAN"
8480825,"Patrick Giles","USA"
8479367,"William Lockwood","USA"
8479066,"Ryan Lomberg","CAN"
8478904,"Steven Lorentz","CAN"
8482113,"Anton Lundell","FIN"
8480185,"Eetu Luostarinen","FIN"
8473449,"Kyle Okposo","USA"
8477933,"Sam Reinhart","CAN"
8478542,"Evan Rodrigues","CAN"
8482713,"Mackie Samoskevich","USA"
8482088,"Justin Sourdif","CAN"
8478831,"Kevin Stenlund","SWE"
8475765,"Vladimir Tarasenko","RUS"
8479314,"Matthew Tkachuk","USA"
8477409,"Carter Verhaeghe","CAN"
8478042,"Viktor Arvidsson","SWE"
8482124,"Quinton Byfield","CAN"
8476479,"Phillip Danault","CAN"
8479400,"Pierre-Luc Dubois","CAN"
8477942,"Kevin Fiala","CHE"
8479336,"Carl Grundstrom","SWE"
8481560,"Arthur Kaliyev","UZB"
8477960,"Adrian Kempe","SWE"
8471685,"Anze Kopitar","SVN"
8482155,"Alex Laferriere","USA"
8473453,"Trevor Lewis","USA"
8481481,"Blake Lizotte","USA"
8479675,"Trevor Moore","USA"
8481557,"Matt Boldy","USA"
8478493,"Joel Eriksson Ek","SWE"
8475220,"Marcus Foligno","USA"
8477919,"Frederick Gaudreau","CAN"
8477451,"Ryan Hartman","USA"
8475149,"Marcus Johansson","SWE"
8478864,"Kirill Kaprizov","RUS"
8482177,"Marat Khusnutdinov","RUS"
8479968,"Vinni Lettieri","USA"
8481422,"Jacob Lucchini","CAN"
8483499,"Liam Ohgren","SWE"
8482079,"Marco Rossi","AUT"
8479972,"Mason Shaw","CAN"
8475692,"Mats Zuccarello","NOR"
8476981,"Josh Anderson","CAN"
8476469,"Joel Armia","FIN"
8481540,"Cole Caufield","USA"
8481523,"Kirby Dach","CAN"
8477989,"Christian Dvorak","USA"
8478133,"Jake Evans","CAN"
8475848,"Brendan Gallagher","CAN"
8481093,"Rafael Harvey-Pinard","CAN"
8481618,"Alex Newhook","CAN"
8476871,"Tanner Pearson","CAN"
8479543,"Michael Pezzetta","CAN"
8483515,"Juraj Slafkovsky","SVK"
8480018,"Nick Suzuki","CAN"
8478400,"Colin White","USA"
8481058,"Jesse Ylönen","USA"
8479414,"Nathan Bastian","CAN"
8479407,"Jesper Bratt","SWE"
8481518,"Nolan Foote","USA"
8475287,"Erik Haula","FIN"
8480002,"Nico Hischier","CHE"
8482125,"Alexander Holtz","SWE"
8481559,"Jack Hughes","USA"
8477508,"Curtis Lazar","CAN"
8477073,"Kurtis MacDermid","CAN"
8478414,"Timo Meier","CHE"
8482110,"Dawson Mercer","CAN"
8477931,"Tomas Nosek","CZE"
8476292,"Ondrej Palat","CZE"
8476919,"Chris Tierney","CAN"
8479994,"Jaret Anderson-Dolan","CAN"
8478463,"Anthony Beauvillier","CAN"
8482146,"Luke Evangelista","CAN"
8476887,"Filip Forsberg","SWE"
8479996,"Cody Glass","CAN"
8476873,"Mark Jankowski","CAN"
8477446,"Michael McCarron","USA"
8478438,"Tommy Novak","USA"
8474679,"Gustav Nyquist","SWE"
8475158,"Ryan O'Reilly","CAN"
8480748,"Kiefer Sherwood","USA"
8476925,"Colton Sissons","CAN"
8482062,"Cole Smith","USA"
8475722,"Jason Zucker","USA"
8478445,"Mathew Barzal","CAN"
8475231,"Casey Cizikas","CAN"
8473504,"Cal Clutterbuck","CAN"
8478115,"Pierre Engvall","SWE"
8477392,"Hudson Fasching","USA"
8479328,"Julien Gauthier","CAN"
8481601,"Simon Holmstrom","SWE"
8477500,"Bo Horvat","CAN"
8481016,"Ruslan Iskhakov","RUS"
8480901,"Karson Kuhlman","USA"
8475314,"Anders Lee","USA"
8481237,"Kyle MacLean","USA"
8474709,"Matt Martin","CAN"
8475754,"Brock Nelson","USA"
8476419,"Jean-Gabriel Pageau","CAN"
8475151,"Kyle Palmieri","USA"
8477314,"Brian Pinho","USA"
8480789,"Oliver Wahlstrom","USA"
8475968,"Alex Belzile","CAN"
8482132,"Brett Berard","USA"
8477320,"Anton Blidh","SWE"
8477380,"Jonny Brodzinski","USA"
8480078,"Filip Chytil","CZE"
8482157,"Will Cuylle","CAN"
8481726,"Adam Edstrom","SWE"
8476624,"Barclay Goodrow","CAN"
8481554,"Kaapo Kakko","FIN"
8475184,"Chris Kreider","USA"
8482109,"Alexis Lafrenière","CAN"
8479991,"Jake Leschyshyn","USA"
8482747,"Brennan Othmann","CAN"
8478550,"Artemi Panarin","RUS"
8475752,"Tyler Pitlick","USA"
8482460,"Matt Rempe","CAN"
8478458,"Jack Roslovic","USA"
8483669,"Adam Sykora","SVK"
8476389,"Vincent Trocheck","USA"
8476918,"Jimmy Vesey","USA"
8477505,"Alexander Wennberg","SWE"
8471218,"Blake Wheeler","USA"
8476459,"Mika Zibanejad","SWE"
8480208,"Drake Batherson","USA"
8473512,"Claude Giroux","CAN"
8482092,"Ridly Greig","CAN"
8478472,"Mathieu Joseph","CAN"
8480355,"Mark Kastelic","USA"
8479383,"Boris Katchouk","CAN"
8480448,"Parker Kelly","CAN"
8477330,"Dominik Kubalik","CZE"
8479772,"Zack MacEwen","CAN"
8480064,"Josh Norris","USA"
8481596,"Shane Pinto","USA"
8482116,"Tim Stützle","DEU"
8480801,"Brady Tkachuk","USA"
8474715,"Cam Atkinson","USA"
8480220,"Noah Cates","USA"
8476461,"Sean Couturier","USA"
8475235,"Nicolas Deslauriers","CAN"
8480797,"Joel Farabee","USA"
8482159,"Tyson Foerster","CAN"
8480028,"Morgan Frost","CAN"
8478495,"Denis Gurianov","RUS"
8477903,"Garnet Hathaway","USA"
8475793,"Ryan Johansen","CAN"
8478439,"Travis Konecny","CAN"
8476872,"Scott Laughton","CAN"
8480068,"Ryan Poehling","USA"
8480015,"Owen Tippett","CAN"
8478569,"Noel Acciari","USA"
8480205,"Emil Bemstrom","SWE"
8478047,"Michael Bunting","CAN"
8470604,"Jeff Carter","CAN"
8471675,"Sidney Crosby","CAN"
8474189,"Lars Eller","DNK"
8478424,"Jansen Harkins","USA"
8471215,"Evgeni Malkin","RUS"
8476442,"Matt Nieto","USA"
8482055,"Drew O'Connor","USA"
8479344,"Jesse Puljujarvi","SWE"
8476483,"Rickard Rakell","SWE"
8475810,"Bryan Rust","USA"
8475191,"Reilly Smith","CAN"
8482241,"Radim Zohorna","CZE"
8477930,"Pierre-Edouard Bellemare","FRA"
8482665,"Matty Beniers","USA"
8477416,"Oliver Bjorkstrand","DNK"
8477444,"Andre Burakovsky","AUT"
8474586,"Jordan Eberle","CAN"
8476826,"Yanni Gourde","CAN"
8481789,"Tye Kartye","CAN"
8477955,"Jared McCann","CAN"
8475768,"Jaden Schwartz","CAN"
8479293,"Brandon Tanev","CAN"
8475193,"Tomas Tatar","SVK"
8480009,"Eeli Tolvanen","FIN"
8479977,"Kailer Yamamoto","USA"
8477473,"Justin Bailey","USA"
8482222,"Alexander Barabanov","RUS"
8482133,"Thomas Bordeleau","USA"
8477846,"Ryan Carpenter","USA"
8474053,"Logan Couture","CAN"
8482667,"William Eklund","SWE"
8484911,"Collin Graf","USA"
8475798,"Mikael Granlund","FIN"
8474884,"Mike Hoffman","CAN"
8480011,"Klim Kostin","RUS"
8479316,"Luke Kunin","USA"
8478099,"Kevin Labanc","USA"
8479379,"Givani Smith","CAN"
8480021,"Jack Studnicka","CAN"
8481477,"Nico Sturm","DEU"
8480821,"Filip Zadina","CZE"
8480188,"Fabian Zetterlund","SWE"
8481543,"Nikita Alexandrov","DEU"
8478104,"Sammy Blais","CAN"
8477402,"Pavel Buchnevich","RUS"
8475763,"Kevin Hayes","USA"
8477953,"Kasperi Kapanen","FIN"
8479385,"Jordan Kyrou","CAN"
8482089,"Jake Neighbours","CAN"
8476438,"Brandon Saad","USA"
8475170,"Brayden Schenn","CAN"
8476897,"Oskar Sundqvist","SWE"
8480023,"Robert Thomas","CAN"
8480281,"Alexey Toropchenko","RUS"
8477573,"Nathan Walker","GBR"
8482070,"Mitchell Chaffee","USA"
8478519,"Anthony Cirelli","CAN"
8477407,"Anthony Duclair","CAN"
8479591,"Michael Eyssimont","USA"
8476822,"Luke Glendening","USA"
8479542,"Brandon Hagel","CAN"
8479661,"Tanner Jeannot","CAN"
8476453,"Nikita Kucherov","RUS"
8477353,"Tyler Motte","USA"
8477426,"Nicholas Paul","CAN"
8478010,"Brayden Point","CAN"
8477839,"Conor Sheary","USA"
8474564,"Steven Stamkos","CAN"
8475766,"Austin Watson","USA"
8481720,"Nick Abruzzese","USA"
8477479,"Tyler Bertuzzi","CAN"
8475160,"Kyle Clifford","CAN"
8480980,"Connor Dewar","CAN"
8477503,"Max Domi","CAN"
8479580,"Dylan Gambrell","USA"
8483733,"Nikita Grebenkin","RUS"
8479393,"Noah Gregor","CAN"
8480995,"Pontus Holmberg","SWE"
8475714,"Calle Jarnkrok","SWE"
8480144,"David Kampf","CZE"
8482720,"Matthew Knies","USA"
8478483,"Mitch Marner","CAN"
8479318,"Auston Matthews","USA"
8482259,"Bobby McMann","CAN"
8477939,"William Nylander","CAN"
8471817,"Ryan Reaves","CAN"
8481582,"Nicholas Robertson","USA"
8482634,"Alex Steeves","USA"
8475166,"John Tavares","CAN"
8482496,"Nils Aman","SWE"
8483395,"Arshdeep Bains","CAN"
8476927,"Teddy Blueger","LVA"
8478444,"Brock Boeser","USA"
8476858,"Phillip Di Giuseppe","CAN"
8478856,"Conor Garland","USA"
8481535,"Nils Hoglander","SWE"
8478057,"Dakota Joshua","USA"
8481024,"Linus Karlsson","SWE"
8482918,"Danila Klimovich","BLR"
8478043,"Sam Lafferty","USA"
8483476,"Jonathan Lekkerimaki","SWE"
8477496,"Elias Lindholm","SWE"
8481624,"Ilya Mikheyev","RUS"
8476468,"J.T. Miller","USA"
8480012,"Elias Pettersson","SWE"
8481617,"Vasily Podkolzin","RUS"
8482691,"Aatu Raty","FIN"
8484136,"Max Sasson","USA"
8480459,"Pius Suter","CHE"
8478020,"Michael Amadio","CAN"
8477964,"Ivan Barbashev","RUS"
8482153,"Brendan Brisson","USA"
8477478,"William Carrier","CAN"
8481032,"Paul Cotter","USA"
8480844,"Grigori Denisenko","RUS"
8481604,"Pavel Dorofeyev","RUS"
8478403,"Jack Eichel","USA"
8475278,"Byron Froese","CAN"
8476881,"Tomas Hertl","CZE"
8479353,"Brett Howden","CAN"
8476448,"William Karlsson","SWE"
8478434,"Keegan Kolesar","CAN"
8477511,"Anthony Mantha","CAN"
8476539,"Jonathan Marchessault","CAN"
8481462,"Mason Morelli","USA"
8480007,"Jonas Rondbjerg","DNK"
8478462,"Nicolas Roy","CAN"
8476905,"Chandler Stephenson","CAN"
8475913,"Mark Stone","CAN"
8478891,"Mason Appleton","USA"
8480289,"Morgan Barron","CAN"
8478398,"Kyle Connor","USA"
8477940,"Nikolaj Ehlers","DNK"
8481019,"David Gustafsson","SWE"
8480113,"Alex Iafallo","USA"
8479536,"Axel Jonsson-Fjallby","SWE"
8480845,"Rasmus Kupari","FIN"
8476392,"Adam Lowry","USA"
8477497,"Sean Monahan","CAN"
8476480,"Vladislav Namestnikov","RUS"
8475799,"Nino Niederreiter","CHE"
8482149,"Cole Perfetti","CAN"
8476460,"Mark Scheifele","CAN"
8475726,"Tyler Toffoli","CAN"
8480014,"Gabriel Vilardi","CAN"
8477979,"Nicolas Aube-Kubel","CAN"
8473563,"Nicklas Backstrom","SWE"
8475343,"Nic Dowd","USA"
8479359,"Beck Malenstyn","CAN"
8481580,"Connor McMichael","CAN"
8477947,"Sonny Milano","USA"
8471698,"T.J. Oshie","USA"
8471214,"Alex Ovechkin","RUS"
8474157,"Max Pacioretty","USA"
8481656,"Aliaksei Protas","BLR"
8475958,"Michael Sgarbossa","CAN"
8478440,"Dylan Strome","CAN"
8476880,"Tom Wilson","CAN"
8475764,"Cam Fowler","CAN"
8475462,"Radko Gudas","CZE"
8481605,"Jackson LaCombe","USA"
8478021,"William Lagesson","SWE"
8480184,"Gustav Lindstrom","SWE"
8483490,"Pavel Mintyukov","RUS"
8480001,"Urho Vaakanainen","FIN"
8482803,"Olen Zellweger","CAN"
8477384,"Josh Brown","CAN"
8478408,"Travis Dermott","CAN"
8480434,"Sean Durzi","CAN"
8482655,"J.J. Moser","CHE"
8479976,"Juuso Valimaki","FIN"
8480828,"Michael Callahan","USA"
8478443,"Brandon Carlo","USA"
8475762,"Derek Forbort","USA"
8476891,"Matt Grzelcyk","USA"
8476854,"Hampus Lindholm","SWE"
8482511,"Mason Lohrei","USA"
8479325,"Charlie McAvoy","USA"
8480070,"Ian Mitchell","CAN"
8479369,"Andrew Peeke","USA"
8474031,"Kevin Shattenkirk","USA"
8478450,"Parker Wotherspoon","CAN"
8480196,"Jacob Bryson","CAN"
8481524,"Bowen Byram","CAN"
8479348,"Kale Clague","CAN"
8477365,"Connor Clifton","USA"
8480839,"Rasmus Dahlin","SWE"
8480035,"Henri Jokiharju","FIN"
8482671,"Owen Power","CAN"
8480807,"Mattias Samuelsson","USA"
8470613,"Brent Burns","CAN"
8478970,"Jalen Chatfield","USA"
8479639,"Dylan Coghlan","CAN"
8477950,"Tony DeAngelo","USA"
8482666,"Scott Morrow","USA"
8475200,"Dmitry Orlov","RUS"
8477488,"Brett Pesce","USA"
8482187,"Ronan Seeley","CAN"
8476869,"Brady Skjei","USA"
8476958,"Jaccob Slavin","USA"
8479402,"Jake Bean","CAN"
8480871,"Adam Boqvist","SWE"
8475790,"Erik Gudbranson","CAN"
8478500,"Ivan Provorov","RUS"
8476923,"Damon Severson","CAN"
8478460,"Zach Werenski","USA"
8478397,"Rasmus Andersson","SWE"
8478502,"Dennis Gilbert","USA"
8477810,"Joel Hanley","CAN"
8478430,"Oliver Kylington","SWE"
8482624,"Daniil Miromanov","RUS"
8481537,"Nikita Okhotiuk","RUS"
8481167,"Brayden Pachal","CAN"
8482470,"Ilya Solovyov","BLR"
8477346,"MacKenzie Weegar","CAN"
8477495,"Seth Jones","USA"
8483466,"Kevin Korchinski","CAN"
8477034,"Jaycob Megna","USA"
8476473,"Connor Murphy","USA"
8475797,"Jarred Tinordi","USA"
8481568,"Alex Vlasic","USA"
8479458,"Nikita Zaitsev","RUS"
8482072,"Jack Ahcan","USA"
8479398,"Samuel Girard","CAN"
8476779,"Brad Hunt","CAN"
8471677,"Jack Johnson","USA"
8478452,"Caleb Jones","USA"
8480069,"Cale Makar","CAN"
8484258,"Sam Malinski","USA"
8476312,"Josh Manson","USA"
8479387,"Keaton Middleton","CAN"
8478038,"Devon Toews","CAN"
8480336,"Sean Walker","CAN"
8483425,"Lian Bichsel","CHE"
8475825,"Jani Hakanpää","FIN"
8481581,"Thomas Harley","USA"
8480036,"Miro Heiskanen","FIN"
8476902,"Esa Lindell","FIN"
8480878,"Nils Lundkvist","SWE"
8475755,"Alexander Petrovic","CAN"
8476884,"Derrick Pouliot","CAN"
8470600,"Ryan Suter","USA"
8475690,"Chris Tanev","CAN"
8475279,"Ben Chiarot","CAN"
8482762,"Simon Edvinsson","SWE"
8476906,"Shayne Gostisbehere","USA"
8475718,"Justin Holl","USA"
8476874,"Olli Maatta","FIN"
8473507,"Jeff Petry","USA"
8481542,"Moritz Seider","DEU"
8478013,"Jake Walman","CAN"
8480803,"Evan Bouchard","CAN"
8481598,"Philip Broberg","SWE"
8476879,"Cody Ceci","CAN"
8479576,"Vincent Desharnais","CAN"
8479341,"Cam Dineen","USA"
8475218,"Mattias Ekholm","SWE"
8479416,"Ben Gleason","USA"
8480274,"Philip Kemp","USA"
8476967,"Brett Kulak","CAN"
8477498,"Darnell Nurse","CAN"
8479442,"Troy Stecher","CAN"
8484304,"Uvis Balinskis","LVA"
8482107,"Mike Benning","CAN"
8481600,"Tobias Bjornfot","SWE"
8477932,"Aaron Ekblad","CAN"
8475171,"Oliver Ekman-Larsson","SWE"
8478055,"Gustav Forsling","SWE"
8482641,"Matt Kiersted","USA"
8475179,"Dmitry Kulikov","RUS"
8479372,"Josh Mahura","CAN"
8478859,"Niko Mikkola","FIN"
8477986,"Brandon Montour","CAN"
8479998,"Mikey Anderson","USA"
8482730,"Brandt Clarke","CAN"
8474563,"Drew Doughty","CAN"
8477971,"Andreas Englund","SWE"
8478882,"Vladislav Gavrikov","RUS"
8479421,"Jacob Moverare","SWE"
8478911,"Matt Roy","USA"
8481606,"Jordan Spence","AUS"
8474567,"Zach Bogosian","USA"
8476463,"Jonas Brodin","SWE"
8480990,"Declan Chisholm","CAN"
8482122,"Brock Faber","USA"
8471274,"Alex Goligoski","USA"
8477541,"Dakota Mermis","USA"
8475750,"Jon Merrill","USA"
8478136,"Jake Middleton","CAN"
8474716,"Jared Spurgeon","CAN"
8482087,"Kaiden Guhle","CAN"
8480887,"Jordan Harris","USA"
8483457,"Lane Hutson","USA"
8480192,"Johnathan Kovacevic","CAN"
8476875,"Mike Matheson","CAN"
8475233,"David Savard","CAN"
8482964,"Arber Xhekaj","CAN"
8480860,"Kevin Bahl","CAN"
8480084,"Nick DeSimone","USA"
8476462,"Dougie Hamilton","CAN"
8482684,"Luke Hughes","USA"
8478507,"John Marino","USA"
8483495,"Simon Nemec","SVK"
8478399,"Jonas Siegenthaler","CHE"
8474090,"Brendan Smith","CAN"
8475197,"Tyson Barrie","CAN"
8478851,"Alexandre Carrier","CAN"
8479371,"Dante Fabbro","CAN"
8474600,"Roman Josi","CHE"
8478468,"Jeremy Lauzon","CAN"
8474568,"Luke Schenn","CAN"
8480222,"Sebastian Aho","SWE"
8481541,"Samuel Bolduc","CAN"
8474145,"Robert Bortuzzo","CAN"
8479395,"Dennis Cholowski","CAN"
8480865,"Noah Dobson","CAN"
8476429,"Scott Mayfield","USA"
8476917,"Adam Pelech","CAN"
8477506,"Ryan Pulock","CAN"
8476422,"Mike Reilly","USA"
8481014,"Alexander Romanov","RUS"
8480071,"Robin Salo","FIN"
8479323,"Adam Fox","USA"
8476979,"Erik Gustafsson","SWE"
8477433,"Ben Harpur","CAN"
8481708,"Zac Jones","USA"
8479324,"Ryan Lindgren","USA"
8482067,"Connor Mackey","USA"
8480817,"K'Andre Miller","USA"
8481525,"Matthew Robertson","CAN"
8477244,"Chad Ruhwedel","USA"
8483407,"Brandon Scanlin","CAN"
8482073,"Braden Schneider","CAN"
8476885,"Jacob Trouba","USA"
8480879,"Jacob Bernard-Docker","CAN"
8480073,"Erik Brannstrom","SWE"
8478469,"Thomas Chabot","CAN"
8479345,"Jakob Chychrun","USA"
8474612,"Travis Hamonic","CAN"
8482105,"Jake Sanderson","USA"
8482245,"Artem Zub","RUS"
8482142,"Jamie Drysdale","CAN"
8475176,"Ryan Ellis","CAN"
8473446,"Erik Johnson","USA"
8477499,"Rasmus Ristolainen","FIN"
8477948,"Travis Sanheim","CAN"
8476372,"Nick Seeler","USA"
8471686,"Marc Staal","CAN"
8481546,"Cam York","USA"
8481178,"Egor Zamula","RUS"
8477435,"Ryan Graves","CAN"
8480058,"Pierre-Olivier Joseph","CAN"
8474578,"Erik Karlsson","SWE"
8471724,"Kris Letang","CAN"
8481206,"John Ludvig","CZE"
8477969,"Marcus Pettersson","SWE"
8478840,"Will Borgen","USA"
8475208,"Brian Dumoulin","USA"
8478407,"Vince Dunn","CAN"
8476457,"Adam Larsson","SWE"
8476467,"Jamie Oleksiak","CAN"
8474602,"Justin Schultz","CAN"
8480884,"Calen Addison","CAN"
8476988,"Matt Benning","CAN"
8477335,"Kyle Burroughs","CAN"
8480834,"Ty Emberson","USA"
8479983,"Mario Ferraro","CAN"
8479439,"Jacob MacDonald","USA"
8480172,"Jan Rutta","CZE"
8481567,"Henry Thrun","USA"
8471709,"Marc-Edouard Vlasic","CAN"
8475753,"Justin Faulk","USA"
8476792,"Torey Krug","USA"
8475181,"Nick Leddy","USA"
8476892,"Colton Parayko","CAN"
8481059,"Scott Perunovich","USA"
8474618,"Marco Scandella","CAN"
8481006,"Tyler Tucker","CAN"
8478416,"Erik Cernak","SVK"
8475177,"Calvin de Haan","CAN"
8476856,"Mathew Dumba","CAN"
8477938,"Haydn Fleury","CAN"
8475167,"Victor Hedman","SWE"
8474151,"Ryan McDonagh","USA"
8480246,"Nick Perbix","USA"
8478178,"Darren Raddysh","CAN"
8479410,"Mikhail Sergachev","RUS"
8481122,"Simon Benoit","CAN"
8474673,"TJ Brodie","CAN"
8476441,"Joel Edmundson","CAN"
8470966,"Mark Giordano","CAN"
8475906,"John Klingberg","SWE"
8481614,"Mikko Kokkonen","FIN"
8479320,"Max Lajoie","CAN"
8480043,"Timothy Liljegren","SWE"
8480950,"Ilya Lyubushkin","RUS"
8476931,"Jake McCabe","USA"
8474162,"Jake Muzzin","CAN"
8482158,"Topi Niemela","FIN"
8476853,"Morgan Rielly","CAN"
8483546,"Marshall Rifai","CAN"
8479982,"Conor Timmins","CAN"
8481570,"Cade Webber","USA"
8482824,"Nick Cicek","CAN"
8474013,"Ian Cole","USA"
8478017,"Mark Friedman","CAN"
8479425,"Filip Hronek","CZE"
8480800,"Quinn Hughes","USA"
8475625,"Matt Irwin","CAN"
8478454,"Noah Juulsen","CAN"
8484287,"Cole McWard","USA"
8474574,"Tyler Myers","USA"
8483678,"Elias Pettersson","SWE"
8477359,"Tucker Poolman","USA"
8477369,"Carson Soucy","CAN"
8478846,"Christian Wolanin","CAN"
8477507,"Nikita Zadorov","RUS"
8479980,"Nicolas Hague","CAN"
8478396,"Noah Hanifin","USA"
8477018,"Ben Hutton","CAN"
8481527,"Kaedan Korczak","CAN"
8474166,"Alec Martinez","USA"
8478062,"Dysin Mayo","CAN"
8475188,"Brayden McNabb","CAN"
8474565,"Alex Pietrangelo","CAN"
8482138,"Christoffer Sedoff","FIN"
8477447,"Shea Theodore","CAN"
8480727,"Zach Whitecloud","CAN"
8476331,"Dylan DeMelo","CAN"
8475455,"Brenden Dillon","CAN"
8476525,"Colin Miller","CAN"
8477504,"Josh Morrissey","CAN"
8480145,"Neal Pionk","USA"
8480049,"Dylan Samberg","USA"
8477220,"Nate Schmidt","USA"
8479378,"Logan Stanley","CAN"
8480823,"Alexander Alexeyev","RUS"
8478451,"Ethan Bear","CAN"
8474590,"John Carlson","USA"
8480796,"Martin Fehervary","SVK"
8475324,"Nick Jensen","USA"
8480873,"Rasmus Sandin","SWE"
8477845,"Trevor van Riemsdyk","USA"
8480843,"Lukas Dostal","CZE"
8476434,"John Gibson","USA"
8478971,"Connor Ingram","CAN"
8478872,"Karel Vejmelka","CZE"
8483548,"Brandon Bussi","USA"
8480022,"Michael DiPietro","CAN"
8480280,"Jeremy Swayman","USA"
8476999,"Linus Ullmark","SWE"
8477480,"Eric Comrie","CAN"
8480045,"Ukko-Pekka Luukkonen","FIN"
8475883,"Frederik Andersen","DNK"
8481611,"Pyotr Kochetkov","RUS"
8477484,"Spencer Martin","CAN"
8477293,"Antti Raanta","FIN"
8478007,"Elvis Merzlikins","LVA"
8480193,"Daniil Tarasov","RUS"
8474593,"Jacob Markstrom","SWE"
8478435,"Dan Vladar","CZE"
8475852,"Petr Mrazek","CZE"
8482821,"Arvid Soderblom","SWE"
8481020,"Justus Annunen","FIN"
8480382,"Alexandar Georgiev","BGR"
8480244,"Arvid Holm","SWE"
8481529,"Trent Miner","CAN"
8481031,"Ivan Prosvetov","RUS"
8483575,"Matt Murray","CAN"
8479979,"Jake Oettinger","USA"
8482465,"Remi Poirier","CAN"
8475809,"Scott Wedgewood","CAN"
8478024,"Ville Husso","FIN"
8479312,"Alex Lyon","USA"
8473503,"James Reimer","CAN"
8475789,"Jack Campbell","USA"
8475717,"Calvin Pickard","CAN"
8480885,"Olivier Rodrigue","CAN"
8479973,"Stuart Skinner","CAN"
8475683,"Sergei Bobrovsky","RUS"
8476433,"Magnus Hellberg","SWE"
8481519,"Spencer Knight","USA"
8476932,"Anthony Stolarz","USA"
8477831,"Pheonix Copley","USA"
8479496,"David Rittich","CZE"
8475660,"Cam Talbot","CAN"
8470594,"Marc-Andre Fleury","CAN"
8479406,"Filip Gustavsson","SWE"
8478470,"Sam Montembeault","CAN"
8480051,"Cayden Primeau","USA"
8474596,"Jake Allen","CAN"
8478039,"Kaapo Kahkonen","FIN"
8484274,"Gustavs Grigals","LVA"
8480947,"Kevin Lankinen","FIN"
8477424,"Juuse Saros","FIN"
8480819,"Jakub Skarek","CZE"
8478009,"Ilya Sorokin","RUS"
8473575,"Semyon Varlamov","RUS"
8475839,"Louis Domingue","CAN"
8482193,"Dylan Garand","CAN"
8471734,"Jonathan Quick","USA"
8478048,"Igor Shesterkin","RUS"
8476341,"Anton Forsberg","SWE"
8476914,"Joonas Korpisalo","FIN"
8481035,"Samuel Ersson","SWE"
8478905,"Ivan Fedotov","RUS"
8477465,"Tristan Jarry","CAN"
8477968,"Alex Nedeljkovic","USA"
8478916,"Joey Daccord","USA"
8475831,"Philipp Grubauer","DEU"
8478406,"Mackenzie Blackwood","CAN"
8482445,"Devin Cooley","USA"
8477970,"Vitek Vanecek","CZE"
8476412,"Jordan Binnington","CAN"
8480981,"Joel Hofer","CAN"
8477992,"Jonas Johansson","SWE"
8476883,"Andrei Vasilevskiy","RUS"
8483710,"Dennis Hildeby","SWE"
8474889,"Martin Jones","CAN"
8476899,"Matt Murray","CAN"
8478492,"Ilya Samsonov","RUS"
8479361,"Joseph Woll","USA"
8477967,"Thatcher Demko","USA"
8479193,"Casey DeSmith","USA"
8479313,"Zach Sawchenko","CAN"
8481668,"Arturs Silovs","LVA"
8484268,"Nikita Tolopilo","BLR"
8478499,"Adin Hill","CAN"
8480238,"Jiri Patera","CZE"
8481520,"Isaiah Saville","USA"
8480313,"Logan Thompson","CAN"
8482484,"Jesper Vikman","SWE"
8476316,"Laurent Brossoit","CAN"
8476945,"Connor Hellebuyck","USA"
8475311,"Darcy Kuemper","CAN"
8479292,"Charlie Lindgren","USA"
